Jewellery & Watches:Other Jewellery|98863
Jewellery & Watches:Ethnic & Tribal Jewellery:Gothic|90752
Jewellery & Watches:Jewellery Boxes & Supplies:Cleaners & Polish|67720
Jewellery & Watches:Men's Jewellery:Money Clips|60120
Jewellery & Watches:Loose Diamonds & Gemstones:Opal|3826
Jewellery & Watches:Vintage & Antique Jewellery:Vintage Costume Jewellery:1950s|291
Jewellery & Watches:Loose Diamonds & Gemstones:Topaz|10270
Jewellery & Watches|281
Jewellery & Watches:Jewellery Boxes & Supplies:Other Jewellery Supplies|494
Jewellery & Watches:Fine Jewellery:Fine Bracelets|10975
Jewellery & Watches:Loose Diamonds & Gemstones:Kunzite|110798
Jewellery & Watches:Costume Jewellery:Hair & Head Jewellery|110620
Jewellery & Watches:Fine Jewellery:Fine Earrings|10985
Jewellery & Watches:Loose Beads|179264
Jewellery & Watches:Loose Diamonds & Gemstones:Turquoise|10284
Jewellery & Watches:Watches:Parts, Tools & Guides:Other Parts & Tools|10324
Jewellery & Watches:Vintage & Antique Jewellery:Vintage Costume Jewellery:Unknown Period|101497
Jewellery & Watches:Body Jewellery:Body Chains|98526
Jewellery & Watches:Vintage & Antique Jewellery:Vintage Costume Jewellery:Edwardian (1901-1910)|58561
Jewellery & Watches:Ethnic & Tribal Jewellery:Asian:Chinese|91433
Jewellery & Watches:Fine Jewellery:Fine Rings:Pearl|11021
Jewellery & Watches:Ethnic & Tribal Jewellery:African|34064
Jewellery & Watches:Vintage & Antique Jewellery:Vintage Fine Jewellery:Art Deco (1915-1935)|58555
Jewellery & Watches:Loose Diamonds & Gemstones:Sugilite|69181
Jewellery & Watches:Ethnic & Tribal Jewellery:Other Ethnic Jewellery|288
Jewellery & Watches:Loose Diamonds & Gemstones:Sapphire:Lab-Created Sapphires|122958
Jewellery & Watches:Ethnic & Tribal Jewellery:Asian:Indian|91434
Jewellery & Watches:Loose Diamonds & Gemstones:Kyanite|110799
Jewellery & Watches:Watches:Parts, Tools & Guides:Parts|63200
Jewellery & Watches:Men's Jewellery:Lapel Pins|60115
Jewellery & Watches:Loose Diamonds & Gemstones:Sphene, Titanite|164394
Jewellery & Watches:Fine Jewellery:Fine Earrings:Diamond|10986
Jewellery & Watches:Vintage & Antique Jewellery:Vintage Costume Jewellery|500
Jewellery & Watches:Costume Jewellery:Toe Rings|140010
Jewellery & Watches:Watches:Boxes, Cases & Watch Winders|173695
Jewellery & Watches:Ethnic & Tribal Jewellery:Oceanian/ Australasian|91431
Jewellery & Watches:Fine Jewellery:Fine Hair & Head Jewellery|106403
Jewellery & Watches:Vintage & Antique Jewellery:Vintage Fine Jewellery:1950s|58556
Jewellery & Watches:Loose Beads:Lampwork|179268
Jewellery & Watches:Vintage & Antique Jewellery:Vintage Fine Jewellery:Unknown Period|101495
Jewellery & Watches:Costume Jewellery:Charms & Charm Bracelets|140944
Jewellery & Watches:Fine Jewellery:Fine Bracelets:Precious Metal without Stones|164313
Jewellery & Watches:Loose Diamonds & Gemstones:Mixed Lots|93707
Jewellery & Watches:Loose Diamonds & Gemstones:Ruby:Natural Rubies|3827
Jewellery & Watches:Fine Jewellery:Fine Rings:Precious Metal without Stones|164341
Jewellery & Watches:Loose Diamonds & Gemstones:Cubic Zirconia|10285
Jewellery & Watches:Watches:Parts, Tools & Guides:Watches for Parts|165144
Jewellery & Watches:Loose Beads:Shell|14317
Jewellery & Watches:Fine Jewellery|4196
Jewellery & Watches:Loose Diamonds & Gemstones:Beryl|110789
Jewellery & Watches:Watches:Ring Watches|173698
Jewellery & Watches:Fine Jewellery:Fine Sets:Pearl|164327
Jewellery & Watches:Ethnic & Tribal Jewellery|11312
Jewellery & Watches:Loose Diamonds & Gemstones:Moldavite|110801
Jewellery & Watches:Fine Jewellery:Fine Brooches & Pins:Precious Metal without Stones|164336
Jewellery & Watches:Costume Jewellery:Necklaces & Pendants|155101
Jewellery & Watches:Loose Diamonds & Gemstones:Emerald:Lab-Created Emeralds|122956
Jewellery & Watches:Fine Jewellery:Fine Sets|164324
Jewellery & Watches:Loose Beads:Glass|179286
Jewellery & Watches:Fine Jewellery:Fine Necklaces & Pendants:Precious Metal without Stones|164330
Jewellery & Watches:Fine Jewellery:Fine Necklaces & Pendants:Pearl|164333
Jewellery & Watches:Loose Diamonds & Gemstones:Agate|10185
Jewellery & Watches:Vintage & Antique Jewellery:Vintage Fine Jewellery:1960s|91438
Jewellery & Watches:Loose Diamonds & Gemstones:Ruby|10254
Jewellery & Watches:Loose Beads:Cloisonne|179266
Jewellery & Watches:Ethnic & Tribal Jewellery:Asian|91432
Jewellery & Watches:Fine Jewellery:Fine Brooches & Pins|11008
Jewellery & Watches:Loose Diamonds & Gemstones|491
Jewellery & Watches:Loose Diamonds & Gemstones:Pearl|10243
Jewellery & Watches:Loose Beads:Mother of Pearl|179278
Jewellery & Watches:Fine Jewellery:Fine Rings:Gemstone|164343
Jewellery & Watches:Loose Diamonds & Gemstones:Ammolite|164391
Jewellery & Watches:Body Jewellery:Replacement Parts|136990
Jewellery & Watches:Loose Diamonds & Gemstones:Spinel|110873
Jewellery & Watches:Loose Beads:Rhinestone|179271
Jewellery & Watches:Loose Diamonds & Gemstones:Hematite|69173
Jewellery & Watches:Fine Jewellery:Fine Bracelets:Diamond|10976
Jewellery & Watches:Men's Jewellery:Other Men's Jewellery|177770
Jewellery & Watches:Loose Diamonds & Gemstones:Peridot|10247
Jewellery & Watches:Watches:Parts, Tools & Guides|173696
Jewellery & Watches:Loose Diamonds & Gemstones:Sodalite|69179
Jewellery & Watches:Loose Diamonds & Gemstones:Lapis|10235
Jewellery & Watches:Fine Jewellery:Fine Rings:Other Rings|177030
Jewellery & Watches:Watches:Wristwatch Straps|98624
Jewellery & Watches:Costume Jewellery:Eyeglass Chains & Holders|164461
Jewellery & Watches:Fine Jewellery:Fine Earrings:Precious Metal without Stones|164319
Jewellery & Watches:Jewellery Boxes & Supplies:Jewellery Packaging|495
Jewellery & Watches:Vintage & Antique Jewellery:Vintage Costume Jewellery:Art Deco (1915-1935)|10967
Jewellery & Watches:Vintage & Antique Jewellery:Vintage Costume Jewellery:Victorian (1837-1901)|514
Jewellery & Watches:Costume Jewellery:Bracelets|50637
Jewellery & Watches:Watches:Parts, Tools & Guides:Tools & Repair Kits|117039
Jewellery & Watches:Fine Jewellery:Fine Sets:Diamonds & Gemstones|164326
Jewellery & Watches:Loose Diamonds & Gemstones:Diamond|10210
Jewellery & Watches:Jewellery Boxes & Supplies:Jewellery Boxes|11707
Jewellery & Watches:Fine Jewellery:Fine Brooches & Pins:Other Brooches & Pins|11007
Jewellery & Watches:Costume Jewellery:Anklets|43205
Jewellery & Watches:Costume Jewellery:Brooches & Pins|50677
Jewellery & Watches:Watches:Batteries|151525
Jewellery & Watches:Costume Jewellery:Handbag & Mobile Charms|116890
Jewellery & Watches:Fine Jewellery:Fine Brooches & Pins:Pearl|11013
Jewellery & Watches:Ethnic & Tribal Jewellery:Native American|11315
Jewellery & Watches:Ethnic & Tribal Jewellery:Pagan/ Symbolic|109074
Jewellery & Watches:Ethnic & Tribal Jewellery:Asian:Tibetan|91436
Jewellery & Watches:Watches:Key Ring Watches|173699
Jewellery & Watches:Watches:Pocket Watches|3937
Jewellery & Watches:Body Jewellery|15124
Jewellery & Watches:Fine Jewellery:Fine Bracelets:Pearl|164316
Jewellery & Watches:Loose Diamonds & Gemstones:Diamond:Enhanced Natural Diamonds|152810
Jewellery & Watches:Loose Diamonds & Gemstones:Onyx|10238
Jewellery & Watches:Costume Jewellery:Earrings|50647
Jewellery & Watches:Loose Diamonds & Gemstones:Jade|10231
Jewellery & Watches:Watches:Fob & Nurse Watches|173697
Jewellery & Watches:Watches|14324
Jewellery & Watches:Jewellery Boxes & Supplies:Settings|12520
Jewellery & Watches:Loose Diamonds & Gemstones:Ruby:Lab-Created Rubies|122957
Jewellery & Watches:Loose Diamonds & Gemstones:Diamond:Natural Diamonds|3824
Jewellery & Watches:Loose Diamonds & Gemstones:Sapphire|10259
Jewellery & Watches:Vintage & Antique Jewellery:Vintage Fine Jewellery:Pre-1837|58551
Jewellery & Watches:Vintage & Antique Jewellery:Vintage Costume Jewellery:1970s|91442
Jewellery & Watches:Loose Diamonds & Gemstones:Iolite|26322
Jewellery & Watches:Loose Diamonds & Gemstones:Chalcedony|110791
Jewellery & Watches:Loose Beads:Metal|179269
Jewellery & Watches:Loose Diamonds & Gemstones:Aventurine|110788
Jewellery & Watches:Loose Beads:Ceramic/Clay/Porcelain|179265
Jewellery & Watches:Ethnic & Tribal Jewellery:South American|98507
Jewellery & Watches:Loose Diamonds & Gemstones:Moonstone|10237
Jewellery & Watches:Watches:Necklace Watches|173700
Jewellery & Watches:Fine Jewellery:Fine Charms & Charm Bracelets|140956
Jewellery & Watches:Vintage & Antique Jewellery:Vintage Costume Jewellery:Art Nouveau (1895-1910)|58560
Jewellery & Watches:Loose Diamonds & Gemstones:Ametrine|110786
Jewellery & Watches:Loose Diamonds & Gemstones:Aquamarine|10200
Jewellery & Watches:Fine Jewellery:Fine Earrings:Gemstone|164321
Jewellery & Watches:Loose Beads:Mixed Lots|179280
Jewellery & Watches:Costume Jewellery:Rings|67681
Jewellery & Watches:Ethnic & Tribal Jewellery:Asian:Other Asian Jewellery|11313
Jewellery & Watches:Loose Diamonds & Gemstones:Moissanite|110800
Jewellery & Watches:Fine Jewellery:Fine Bracelets:Gemstone|164315
Jewellery & Watches:Fine Jewellery:Other Fine Jewellery|505
Jewellery & Watches:Loose Diamonds & Gemstones:Tanzanite|4195
Jewellery & Watches:Ethnic & Tribal Jewellery:Celtic|34065
Jewellery & Watches:Loose Beads:Gemstone|179273
Jewellery & Watches:Vintage & Antique Jewellery:Vintage Fine Jewellery:Victorian (1837-1901)|58552
Jewellery & Watches:Fine Jewellery:Fine Necklaces & Pendants:Other Necklaces & Pendants|164334
Jewellery & Watches:Fine Jewellery:Fine Necklaces & Pendants:Gemstone|164332
Jewellery & Watches:Loose Diamonds & Gemstones:Jasper|110797
Jewellery & Watches:Men's Jewellery:Rings|137856
Jewellery & Watches:Vintage & Antique Jewellery:Vintage Costume Jewellery:1980s|101496
Jewellery & Watches:Vintage & Antique Jewellery:Vintage Fine Jewellery:Retro (1940s)|58557
Jewellery & Watches:Watches:Other Watches|166739
Jewellery & Watches:Costume Jewellery:Other Costume Jewellery|499
Jewellery & Watches:Loose Diamonds & Gemstones:Sunstone|164395
Jewellery & Watches:Men's Jewellery:Bracelets|137835
Jewellery & Watches:Loose Diamonds & Gemstones:Zircon|10286
Jewellery & Watches:Costume Jewellery|10968
Jewellery & Watches:Men's Jewellery:Chains, Necklaces & Pendants|137839
Jewellery & Watches:Fine Jewellery:Fine Sets:Other Sets|164328
Jewellery & Watches:Loose Diamonds & Gemstones:Diamond:Rough Natural Diamonds|110733
Jewellery & Watches:Jewellery Boxes & Supplies:Jewellery Display|67703
Jewellery & Watches:Loose Diamonds & Gemstones:Emerald|10218
Jewellery & Watches:Loose Diamonds & Gemstones:Obsidian|110803
Jewellery & Watches:Loose Diamonds & Gemstones:Konerupine|168167
Jewellery & Watches:Vintage & Antique Jewellery:Vintage Costume Jewellery:1960s|91441
Jewellery & Watches:Costume Jewellery:Wristbands|112603
Jewellery & Watches:Loose Diamonds & Gemstones:Amber|10191
Jewellery & Watches:Ethnic & Tribal Jewellery:Asian:South-East Asian|91435
Jewellery & Watches:Loose Beads:Pearl|179279
Jewellery & Watches:Fine Jewellery:Fine Necklaces & Pendants|164329
Jewellery & Watches:Fine Jewellery:Fine Brooches & Pins:Diamonds & Gemstones|164337
Jewellery & Watches:Loose Beads:Other Beads|179275
Jewellery & Watches:Costume Jewellery:Sets|50692
Jewellery & Watches:Loose Diamonds & Gemstones:Emerald:Natural Emeralds|3825
Jewellery & Watches:Costume Jewellery:Mixed Lots|10970
Jewellery & Watches:Fine Jewellery:Fine Earrings:Pearl|10990
Jewellery & Watches:Men's Jewellery|10290
Jewellery & Watches:Vintage & Antique Jewellery:Vintage Fine Jewellery:1970s|91439
Jewellery & Watches:Loose Beads:Crystal/Cut Glass|179267
Jewellery & Watches:Loose Diamonds & Gemstones:Sapphire:Natural Sapphires|4644
Jewellery & Watches:Fine Jewellery:Fine Anklets|101437
Jewellery & Watches:Fine Jewellery:Fine Sets:Precious Metal without Stones|164325
Jewellery & Watches:Vintage & Antique Jewellery:Vintage Fine Jewellery:Edwardian (1901-1910)|58554
Jewellery & Watches:Vintage & Antique Jewellery:Vintage Fine Jewellery|12595
Jewellery & Watches:Loose Diamonds & Gemstones:Alexandrite|10190
Jewellery & Watches:Men's Jewellery:Tie Pins & Clips|10298
Jewellery & Watches:Men's Jewellery:Earrings, Studs|14085
Jewellery & Watches:Vintage & Antique Jewellery:Vintage Fine Jewellery:1980s|101494
Jewellery & Watches:Men's Jewellery:Cufflinks|137843
Jewellery & Watches:Vintage & Antique Jewellery:Vintage Costume Jewellery:Retro (1940s)|58559
Jewellery & Watches:Loose Diamonds & Gemstones:Citrine|10205
Jewellery & Watches:Body Jewellery:Fake & Cheater Body Jewellery|177769
Jewellery & Watches:Ethnic & Tribal Jewellery:Mexican|11314
Jewellery & Watches:Jewellery Boxes & Supplies|10321
Jewellery & Watches:Loose Beads:Wood|179274
Jewellery & Watches:Watches:Wristwatches|31387
Jewellery & Watches:Vintage & Antique Jewellery:Vintage Fine Jewellery:Art Nouveau (1895-1910)|58553
Jewellery & Watches:Loose Beads:Seed|179272
Jewellery & Watches:Watches:Parts, Tools & Guides:Manuals & Guides|93720
Jewellery & Watches:Body Jewellery:Other Body Jewellery|110399
Jewellery & Watches:Loose Beads:Millefiori|179270
Jewellery & Watches:Loose Diamonds & Gemstones:Garnet|10224
Jewellery & Watches:Loose Diamonds & Gemstones:Other Loose Gemstones|282
Jewellery & Watches:Loose Diamonds & Gemstones:Tourmaline|10278
Jewellery & Watches:Fine Jewellery:Fine Rings|67725
Jewellery & Watches:Fine Jewellery:Fine Rings:Diamond|67726
Jewellery & Watches:Loose Diamonds & Gemstones:Diamond:Lab-Created Diamonds|152823
Jewellery & Watches:Vintage & Antique Jewellery:Vintage Fine Jewellery:Other Vintage Fine|91440
Jewellery & Watches:Vintage & Antique Jewellery|48579
Jewellery & Watches:Loose Diamonds & Gemstones:Amethyst|10192
Jewellery & Watches:Vintage & Antique Jewellery:Vintage Costume Jewellery:Pre-1837|58558
Jewellery & Watches:Loose Diamonds & Gemstones:Quartz|10252
Jewellery & Watches:Loose Diamonds & Gemstones:Fluorite|110796
Jewellery & Watches:Vintage & Antique Jewellery:Vintage Reproduction Jewellery|48583
Jewellery & Watches:Fine Jewellery:Fine Earrings:Other Earrings|10984
Jewellery & Watches:Vintage & Antique Jewellery:Vintage Costume Jewellery:Other Vintage Costume|289
Jewellery & Watches:Loose Diamonds & Gemstones:Malachite|10236
Jewellery & Watches:Vintage & Antique Jewellery:Other Vintage Jewellery|11020
Jewellery & Watches:Loose Diamonds & Gemstones:Morganite|110802
Jewellery & Watches:Body Jewellery:Body Piercing Jewellery|32050
Jewellery & Watches:Fine Jewellery:Fine Bracelets:Other Bracelets|3839
Jewellery & Watches:Loose Diamonds & Gemstones:Carnelian|110790
Jewellery & Watches:Body Jewellery:Retainers & Hide-its|98542
Jewellery & Watches:Fine Jewellery:Fine Necklaces & Pendants:Diamond|164331
Clothes, Shoes & Accessories:Women's Accessories:Hair Accessories|45220
Clothes, Shoes & Accessories:Kids' Clothes, Shoes & Accs.:Boys' Clothing (2-16 Years):Coats, Jackets & Snowsuits|51933
Clothes, Shoes & Accessories:Vintage Clothing & Accessories:Women's Vintage Clothing:Sweats & Tracksuits|175793
Clothes, Shoes & Accessories:Wedding & Formal Occasion:Bridal Accessories:Jackets & Shawls|105472
Clothes, Shoes & Accessories:Women's Accessories:Accessory Sets|15738
Clothes, Shoes & Accessories:Men's Accessories:Organisers & Diaries|15665
Clothes, Shoes & Accessories:Women's Accessories:Sunglasses & Eyewear:Sunglasses|45246
Clothes, Shoes & Accessories:Kids' Clothes, Shoes & Accs.:Boys' Clothing (2-16 Years)|11452
Clothes, Shoes & Accessories:Men's Accessories:ID & Document Holders|169271
Clothes, Shoes & Accessories:Vintage Clothing & Accessories:Vintage Accessories:Wallets & Purses|175769
Clothes, Shoes & Accessories:Kids' Clothes, Shoes & Accs.:Girls' Accessories:Jewellery|175526
Clothes, Shoes & Accessories:Kids' Clothes, Shoes & Accs.:Boys' Clothing (2-16 Years):T-Shirts, Tops & Shirts|175521
Clothes, Shoes & Accessories:Wedding & Formal Occasion:Men's Formal Occasion:Ties, Cravats & Cummerbunds|105509
Clothes, Shoes & Accessories:Women's Clothing:Jumpsuits & Playsuits|3009
Clothes, Shoes & Accessories:Men's Shoes:Casual Shoes|24087
Clothes, Shoes & Accessories:Kids' Clothes, Shoes & Accs.:Girls' Shoes|57974
Clothes, Shoes & Accessories:Women's Accessories:Keyrings|45237
Clothes, Shoes & Accessories:Men's Accessories:Other Men's Accessories|1060
Clothes, Shoes & Accessories:Women's Accessories:Shoe Charms & Jibbitz|150955
Clothes, Shoes & Accessories:Kids' Clothes, Shoes & Accs.:Boys' Accessories:Hats|57884
Clothes, Shoes & Accessories:Women's Clothing:Lingerie & Nightwear:Knickers|63854
Clothes, Shoes & Accessories:Wedding & Formal Occasion:Bridal Accessories:Bridal Jewellery|163552
Clothes, Shoes & Accessories:Kids' Clothes, Shoes & Accs.:Boys' Clothing (2-16 Years):T-Shirts, Tops & Shirts:T-Shirts & Tops|51960
Clothes, Shoes & Accessories:Men's Clothing:Jumpers & Cardigans|11484
Clothes, Shoes & Accessories:Fancy Dress & Period Costume:Accessories:Belts & Sashes|175642
Clothes, Shoes & Accessories:Kids' Clothes, Shoes & Accs.:Boys' Clothing (2-16 Years):Shorts|15615
Clothes, Shoes & Accessories:Kids' Clothes, Shoes & Accs.:Girls' Accessories|15628
Clothes, Shoes & Accessories:Fancy Dress & Period Costume:Accessories:Wigs & Facial Hair|155350
Clothes, Shoes & Accessories:Women's Clothing:Lingerie & Nightwear:Camisoles & Vests|11521
Clothes, Shoes & Accessories:Women's Clothing:Maternity:Nursing:Bras|11517
Clothes, Shoes & Accessories:Women's Clothing|15724
Clothes, Shoes & Accessories:Vintage Clothing & Accessories:Vintage Accessories:Belt Buckles|163600
Clothes, Shoes & Accessories:Wedding & Formal Occasion:Men's Formal Occasion:Waistcoats|105514
Clothes, Shoes & Accessories:Fancy Dress & Period Costume:Accessories:Face Paint & Stage Make-Up|175644
Clothes, Shoes & Accessories:Women's Clothing:Maternity:Nursing:Tops|15753
Clothes, Shoes & Accessories:Men's Clothing:Swimwear|15690
Clothes, Shoes & Accessories:Fancy Dress & Period Costume:Period & Theatre Costumes:WW1 & WW2|175767
Clothes, Shoes & Accessories:Kids' Clothes, Shoes & Accs.:Boys' Accessories:Belts & Belt Buckles|57883
Clothes, Shoes & Accessories:Kids' Clothes, Shoes & Accs.:Boys' Accessories:Accessory Sets|156789
Clothes, Shoes & Accessories:Men's Accessories:Sunglasses & Eyewear:Sunglasses|79720
Clothes, Shoes & Accessories:Vintage Clothing & Accessories|175759
Clothes, Shoes & Accessories:Wedding & Formal Occasion:Other Wedding & Formal|1265
Clothes, Shoes & Accessories:Kids' Clothes, Shoes & Accs.:Girls' Clothing (2-16 Years):Jumpers & Cardigans|51582
Clothes, Shoes & Accessories:Kids' Clothes, Shoes & Accs.:Boys' Clothing (2-16 Years):Outfits & Sets|156790
Clothes, Shoes & Accessories:Kids' Clothes, Shoes & Accs.:Boys' Clothing (2-16 Years):Socks|153564
Clothes, Shoes & Accessories:Wedding & Formal Occasion:Bridal Accessories:Fans & Parasols|163553
Clothes, Shoes & Accessories:Kids' Clothes, Shoes & Accs.:Girls' Clothing (2-16 Years):Nightwear|99735
Clothes, Shoes & Accessories:Kids' Clothes, Shoes & Accs.:Girls' Accessories:Gloves & Mittens|57919
Clothes, Shoes & Accessories:Women's Accessories:Handkerchiefs|167906
Clothes, Shoes & Accessories:Women's Clothing:Maternity:Skirts|11536
Clothes, Shoes & Accessories:Women's Clothing:Shorts|11555
Clothes, Shoes & Accessories:Women's Clothing:Lingerie & Nightwear:Bodies|45909
Clothes, Shoes & Accessories:Women's Clothing:Hosiery & Socks|11524
Clothes, Shoes & Accessories:Women's Accessories|4251
Clothes, Shoes & Accessories:Fancy Dress & Period Costume:Accessories:Bags & Pouches|175641
Clothes, Shoes & Accessories:Kids' Clothes, Shoes & Accs.:Girls' Accessories:Sunglasses|122340
Clothes, Shoes & Accessories:Kids' Clothes, Shoes & Accs.:Boys' Accessories:Braces|122320
Clothes, Shoes & Accessories:Kids' Clothes, Shoes & Accs.:Girls' Clothing (2-16 Years):T-Shirts, Tops & Shirts:Shirts & Blouses|175768
Clothes, Shoes & Accessories:Women's Clothing:Tops & Shirts|53159
Clothes, Shoes & Accessories:Kids' Clothes, Shoes & Accs.:Boys' Clothing (2-16 Years):Bundles|15620
Clothes, Shoes & Accessories:Dancewear & Accessories|112425
Clothes, Shoes & Accessories:Vintage Clothing & Accessories:Women's Vintage Clothing:Jeans|175785
Clothes, Shoes & Accessories:Kids' Clothes, Shoes & Accs.:Boys' Clothing (2-16 Years):Underwear|51973
Clothes, Shoes & Accessories:Kids' Clothes, Shoes & Accs.:Girls' Clothing (2-16 Years):Underwear|51586
Clothes, Shoes & Accessories:Women's Accessories:Sunglasses & Eyewear|179247
Clothes, Shoes & Accessories:Vintage Clothing & Accessories:Men's Vintage Clothing:Sweats & Tracksuits|175778
Clothes, Shoes & Accessories:Women's Clothing:T-Shirts|63869
Clothes, Shoes & Accessories:Dancewear & Accessories:Children's Dance Shoes|153003
Clothes, Shoes & Accessories:Wedding & Formal Occasion:Bridal Accessories:Cover Bags|175631
Clothes, Shoes & Accessories:Men's Shoes:Boots|11498
Clothes, Shoes & Accessories:Kids' Clothes, Shoes & Accs.:Boys' Accessories:Gloves & Mittens|57885
Clothes, Shoes & Accessories:Vintage Clothing & Accessories:Women's Vintage Clothing:Suits & Tailoring|175792
Clothes, Shoes & Accessories:Wedding & Formal Occasion:Boys' Formal Occasion|105520
Clothes, Shoes & Accessories:Vintage Clothing & Accessories:Men's Vintage Clothing:Suits & Tailoring|175777
Clothes, Shoes & Accessories:Kids' Clothes, Shoes & Accs.:Boys' Clothing (2-16 Years):Jeans|77475
Clothes, Shoes & Accessories:Dancewear & Accessories:Men's Dancewear|112427
Clothes, Shoes & Accessories:Men's Accessories:Bags|52357
Clothes, Shoes & Accessories:Kids' Clothes, Shoes & Accs.:Girls' Accessories:Bags|57917
Clothes, Shoes & Accessories:Women's Shoes:Slippers|11632
Clothes, Shoes & Accessories:Women's Clothing:Maternity:Nursing|15751
Clothes, Shoes & Accessories:Kids' Clothes, Shoes & Accs.:Boys' Clothing (2-16 Years):Other Boys' Clothing|1067
Clothes, Shoes & Accessories:Women's Clothing:Maternity:Dresses|11534
Clothes, Shoes & Accessories:Women's Clothing:Maternity:Nightwear|117771
Clothes, Shoes & Accessories:Men's Accessories:Belts|2993
Clothes, Shoes & Accessories:Kids' Clothes, Shoes & Accs.:Boys' Clothing (2-16 Years):Swimwear|51919
Clothes, Shoes & Accessories:Women's Accessories:Ties|151486
Clothes, Shoes & Accessories:Kids' Clothes, Shoes & Accs.:Girls' Accessories:Keyrings|175527
Clothes, Shoes & Accessories:Women's Clothing:Coats & Jackets|63862
Clothes, Shoes & Accessories:Kids' Clothes, Shoes & Accs.:Boys' Clothing (2-16 Years):T-Shirts, Tops & Shirts:Shirts|152487
Clothes, Shoes & Accessories:Vintage Clothing & Accessories:Men's Vintage Clothing:Jumpers & Cardigans|175774
Clothes, Shoes & Accessories:Kids' Clothes, Shoes & Accs.:Boys' Accessories:Sunglasses|131411
Clothes, Shoes & Accessories:Vintage Clothing & Accessories:Vintage Accessories:Collars|163607
Clothes, Shoes & Accessories:Vintage Clothing & Accessories:Vintage Accessories:Belts|163601
Clothes, Shoes & Accessories:Women's Clothing:Suits & Tailoring|63865
Clothes, Shoes & Accessories:Wedding & Formal Occasion:Mother of the Bride|131474
Clothes, Shoes & Accessories:World & Traditional Clothing:Native American|163146
Clothes, Shoes & Accessories:Men's Shoes:Formal Shoes|53120
Clothes, Shoes & Accessories:Kids' Clothes, Shoes & Accs.:Girls' Accessories:Wristbands|122342
Clothes, Shoes & Accessories:Women's Clothing:Maternity:Shorts|15747
Clothes, Shoes & Accessories:Fancy Dress & Period Costume|163147
Clothes, Shoes & Accessories:Men's Clothing:Other Men's Clothing|313
Clothes, Shoes & Accessories:Vintage Clothing & Accessories:Vintage Accessories:Ties, Bow Ties & Cravats|14070
Clothes, Shoes & Accessories:Women's Clothing:Dresses|63861
Clothes, Shoes & Accessories:Kids' Clothes, Shoes & Accs.:Girls' Accessories:Hair Accessories|57920
Clothes, Shoes & Accessories:Kids' Clothes, Shoes & Accs.:Girls' Clothing (2-16 Years):Coats, Jackets & Snowsuits|51580
Clothes, Shoes & Accessories:Wedding & Formal Occasion:Wedding Dresses|15720
Clothes, Shoes & Accessories:Vintage Clothing & Accessories:Men's Vintage Clothing:Trousers|175780
Clothes, Shoes & Accessories:Women's Accessories:Hats|45230
Clothes, Shoes & Accessories:Kids' Clothes, Shoes & Accs.:Boys' Accessories:Keyrings|175524
Clothes, Shoes & Accessories:Kids' Clothes, Shoes & Accs.:Girls' Clothing (2-16 Years):Swimwear|51567
Clothes, Shoes & Accessories:Kids' Clothes, Shoes & Accs.:Girls' Clothing (2-16 Years):Dresses|51581
Clothes, Shoes & Accessories:Vintage Clothing & Accessories:Women's Vintage Clothing:Skirts|175791
Clothes, Shoes & Accessories:Women's Handbags|169291
Clothes, Shoes & Accessories:Fancy Dress & Period Costume:Accessories:Wings, Tails, Ears & Noses|155351
Clothes, Shoes & Accessories:Kids' Clothes, Shoes & Accs.:Boys' Clothing (2-16 Years):Hoodies|57916
Clothes, Shoes & Accessories|11450
Clothes, Shoes & Accessories:Vintage Clothing & Accessories:Women's Vintage Clothing:T-Shirts|175797
Clothes, Shoes & Accessories:Wedding & Formal Occasion:Men's Formal Occasion:Shirts|105512
Clothes, Shoes & Accessories:Kids' Clothes, Shoes & Accs.:Girls' Accessories:Other Girls' Accessories|11467
Clothes, Shoes & Accessories:Wedding & Formal Occasion:Men's Formal Occasion:Other Men's Formal Occasion|114293
Clothes, Shoes & Accessories:Women's Clothing:Maternity:Bundles|15754
Clothes, Shoes & Accessories:Women's Clothing:Maternity:Maternity Tights|179840
Clothes, Shoes & Accessories:Men's Accessories:Hats|52365
Clothes, Shoes & Accessories:Vintage Clothing & Accessories:Women's Vintage Clothing:Waistcoats|175798
Clothes, Shoes & Accessories:Vintage Clothing & Accessories:Vintage Accessories:Hats, Women's|74969
Clothes, Shoes & Accessories:Men's Clothing:Waistcoats|15691
Clothes, Shoes & Accessories:Kids' Clothes, Shoes & Accs.:Boys' Accessories:Wristbands|122322
Clothes, Shoes & Accessories:Fancy Dress & Period Costume:Fancy Dress:Men's Fancy Dress|52762
Clothes, Shoes & Accessories:Women's Accessories:Purses & Wallets|45258
Clothes, Shoes & Accessories:Fancy Dress & Period Costume:Accessories:Shoes & Footwear|155347
Clothes, Shoes & Accessories:Women's Accessories:Fascinators & Headpieces|168998
Clothes, Shoes & Accessories:Kids' Clothes, Shoes & Accs.:Boys' Clothing (2-16 Years):Trousers|51920
Clothes, Shoes & Accessories:Women's Clothing:Hosiery & Socks:Stockings & Hold-ups|11527
Clothes, Shoes & Accessories:Fancy Dress & Period Costume:Period & Theatre Costumes:Regency|163130
Clothes, Shoes & Accessories:Women's Shoes:Trainers|95672
Clothes, Shoes & Accessories:Fancy Dress & Period Costume:Accessories:Glasses|175646
Clothes, Shoes & Accessories:Kids' Clothes, Shoes & Accs.:Other Kids' Clothing & Accs.|175640
Clothes, Shoes & Accessories:Fancy Dress & Period Costume:Accessories:Capes, Coats & Cloaks|155345
Clothes, Shoes & Accessories:Vintage Clothing & Accessories:Women's Vintage Clothing:Jumpsuits & Playsuits|175787
Clothes, Shoes & Accessories:Vintage Clothing & Accessories:Women's Vintage Shoes|74976
Clothes, Shoes & Accessories:Wedding & Formal Occasion:Men's Formal Occasion:Suits & Tuxedos|105515
Clothes, Shoes & Accessories:Women's Shoes:Heels|55793
Clothes, Shoes & Accessories:Men's Accessories:Wristbands|106113
Clothes, Shoes & Accessories:Fancy Dress & Period Costume:Period & Theatre Costumes|175650
Clothes, Shoes & Accessories:Fancy Dress & Period Costume:Fancy Dress:Unisex Fancy Dress|86207
Clothes, Shoes & Accessories:Fancy Dress & Period Costume:Period & Theatre Costumes:Medieval|125473
Clothes, Shoes & Accessories:Women's Accessories:Organisers & Diaries|15735
Clothes, Shoes & Accessories:Women's Clothing:Maternity:Other Maternity|1264
Clothes, Shoes & Accessories:Wedding & Formal Occasion:Bridal Accessories:Other Bridal Accessories|106128
Clothes, Shoes & Accessories:World & Traditional Clothing:East Asia|155242
Clothes, Shoes & Accessories:Vintage Clothing & Accessories:Other Vintage Clothing & Accs.|91247
Clothes, Shoes & Accessories:Men's Accessories:Sunglasses & Eyewear:Accessories|179241
Clothes, Shoes & Accessories:Kids' Clothes, Shoes & Accs.:Boys' Accessories:Scarves|122321
Clothes, Shoes & Accessories:Women's Accessories:Gloves & Mittens|105559
Clothes, Shoes & Accessories:Men's Clothing|1059
Clothes, Shoes & Accessories:Wedding & Formal Occasion:Bridal Accessories:Veils|15719
Clothes, Shoes & Accessories:Women's Clothing:Maternity:Trousers|63857
Clothes, Shoes & Accessories:Kids' Clothes, Shoes & Accs.:Boys' Accessories:Bags|57882
Clothes, Shoes & Accessories:Dancewear & Accessories:Men's Dance Shoes|153002
Clothes, Shoes & Accessories:Vintage Clothing & Accessories:Women's Vintage Clothing:Lingerie|175788
Clothes, Shoes & Accessories:Women's Accessories:Wigs, Extensions & Supplies:Other Hair & Hair Supplies|163581
Clothes, Shoes & Accessories:Fancy Dress & Period Costume:Accessories:Gloves|155348
Clothes, Shoes & Accessories:Men's Accessories:Hairpieces & Toupees|175626
Clothes, Shoes & Accessories:Kids' Clothes, Shoes & Accs.:Boys' Clothing (2-16 Years):Jumpers & Cardigans|51946
Clothes, Shoes & Accessories:World & Traditional Clothing:South & Central Asia|155246
Clothes, Shoes & Accessories:Vintage Clothing & Accessories:Men's Vintage Clothing|175761
Clothes, Shoes & Accessories:World & Traditional Clothing:Latin America|155252
Clothes, Shoes & Accessories:Men's Accessories:Handkerchiefs|167902
Clothes, Shoes & Accessories:Fancy Dress & Period Costume:Fancy Dress:Boys' Fancy Dress|80913
Clothes, Shoes & Accessories:Vintage Clothing & Accessories:Women's Vintage Clothing:Nightwear & Robes|175789
Clothes, Shoes & Accessories:Vintage Clothing & Accessories:Women's Vintage Clothing:Wedding|175799
Clothes, Shoes & Accessories:Kids' Clothes, Shoes & Accs.:Girls' Accessories:Hats|15630
Clothes, Shoes & Accessories:Fancy Dress & Period Costume:Fancy Dress|175648
Clothes, Shoes & Accessories:Vintage Clothing & Accessories:Vintage Accessories:Glasses|175805
Clothes, Shoes & Accessories:Vintage Clothing & Accessories:Women's Vintage Clothing|175762
Clothes, Shoes & Accessories:Kids' Clothes, Shoes & Accs.:Girls' Clothing (2-16 Years):T-Shirts, Tops & Shirts:T-Shirts & Tops|51585
Clothes, Shoes & Accessories:Men's Clothing:Casual Shirts & Tops|57990
Clothes, Shoes & Accessories:Kids' Clothes, Shoes & Accs.:Girls' Clothing (2-16 Years):Other Girls' Clothing|51587
Clothes, Shoes & Accessories:Women's Clothing:Maternity:Hoodies & Sweats|155206
Clothes, Shoes & Accessories:Women's Clothing:Lingerie & Nightwear:Basques & Corsets|11522
Clothes, Shoes & Accessories:Vintage Clothing & Accessories:Men's Vintage Clothing:Casual Shirts & Tops|175770
Clothes, Shoes & Accessories:Vintage Clothing & Accessories:Men's Vintage Clothing:T-Shirts|175781
Clothes, Shoes & Accessories:Vintage Clothing & Accessories:Men's Vintage Clothing:Other Men's Vintage Clothing|48861
Clothes, Shoes & Accessories:Men's Shoes:Sandals & Beach Shoes|11504
Clothes, Shoes & Accessories:Fancy Dress & Period Costume:Fancy Dress:Baby & Toddlers' Fancy Dress|90635
Clothes, Shoes & Accessories:Women's Clothing:Jeans|11554
Clothes, Shoes & Accessories:Wedding & Formal Occasion:Men's Formal Occasion:Jackets|105511
Clothes, Shoes & Accessories:Women's Clothing:Lingerie & Nightwear:Bras & Bra Sets|63853
Clothes, Shoes & Accessories:Women's Clothing:Jumpers & Cardigans|63866
Clothes, Shoes & Accessories:Women's Accessories:Scarves & Shawls|45238
Clothes, Shoes & Accessories:Women's Clothing:Maternity:Nursing:Nightwear|15755
Clothes, Shoes & Accessories:Women's Clothing:Maternity:Tops & Shirts|63858
Clothes, Shoes & Accessories:Men's Accessories:Gloves & Mittens|2994
Clothes, Shoes & Accessories:Women's Clothing:Leggings|169001
Clothes, Shoes & Accessories:Dancewear & Accessories:Children's Dancewear|112426
Clothes, Shoes & Accessories:Vintage Clothing & Accessories:Vintage Accessories:Other Vintage Accessories|957
Clothes, Shoes & Accessories:Women's Clothing:Hosiery & Socks:Tights|11525
Clothes, Shoes & Accessories:Women's Clothing:Lingerie & Nightwear:Other Lingerie & Nightwear|4844
Clothes, Shoes & Accessories:Fancy Dress & Period Costume:Fancy Dress:Other Fancy Dress|19255
Clothes, Shoes & Accessories:Women's Clothing:Skirts|63864
Clothes, Shoes & Accessories:Kids' Clothes, Shoes & Accs.:Girls' Accessories:Accessory Sets|15633
Clothes, Shoes & Accessories:Women's Shoes:Sandals & Beach Shoes|62107
Clothes, Shoes & Accessories:Women's Clothing:Maternity:Coats & Jackets|63856
Clothes, Shoes & Accessories:Women's Clothing:Lingerie & Nightwear:Shapewear|11530
Clothes, Shoes & Accessories:Vintage Clothing & Accessories:Vintage Accessories:Scarves & Shawls|175807
Clothes, Shoes & Accessories:Women's Accessories:Wigs, Extensions & Supplies:Supplies|175637
Clothes, Shoes & Accessories:Women's Shoes:Flats|45333
Clothes, Shoes & Accessories:Kids' Clothes, Shoes & Accs.:Boys' Clothing (2-16 Years):Uniforms|28016
Clothes, Shoes & Accessories:Women's Accessories:Other Women's Accessories|1063
Clothes, Shoes & Accessories:Kids' Clothes, Shoes & Accs.:Girls' Accessories:Shoe Charms & Jibbitz|150956
Clothes, Shoes & Accessories:Vintage Clothing & Accessories:Vintage Accessories:Hair Accessories|175819
Clothes, Shoes & Accessories:Women's Clothing:Swimwear|63867
Clothes, Shoes & Accessories:Vintage Clothing & Accessories:Men's Vintage Clothing:Coats & Jackets|175771
Clothes, Shoes & Accessories:Women's Clothing:Maternity|172378
Clothes, Shoes & Accessories:Vintage Clothing & Accessories:Men's Vintage Clothing:Shorts|175776
Clothes, Shoes & Accessories:Kids' Clothes, Shoes & Accs.:Boys' Shoes|57929
Clothes, Shoes & Accessories:Fancy Dress & Period Costume:Fancy Dress:Women's Fancy Dress|53369
Clothes, Shoes & Accessories:Dancewear & Accessories:Women's Dance Shoes|108911
Clothes, Shoes & Accessories:Men's Accessories:Sunglasses & Eyewear:Replacement Lenses & Parts|179194
Clothes, Shoes & Accessories:Women's Clothing:Maternity:T-Shirts|63859
Clothes, Shoes & Accessories:Wedding & Formal Occasion:Bridal Accessories:Bags|163551
Clothes, Shoes & Accessories:Vintage Clothing & Accessories:Vintage Accessories:Gloves|175806
Clothes, Shoes & Accessories:Kids' Clothes, Shoes & Accs.:Boys' Accessories:Ties|57886
Clothes, Shoes & Accessories:Men's Shoes:Trainers|15709
Clothes, Shoes & Accessories:Women's Clothing:Activewear|137085
Clothes, Shoes & Accessories:Fancy Dress & Period Costume:Accessories:Crowns & Tiaras|155346
Clothes, Shoes & Accessories:Men's Accessories|4250
Clothes, Shoes & Accessories:Kids' Clothes, Shoes & Accs.:Girls' Accessories:Belts & Belt Buckles|57918
Clothes, Shoes & Accessories:Kids' Clothes, Shoes & Accs.:Boys' Accessories:Umbrellas|175525
Clothes, Shoes & Accessories:Vintage Clothing & Accessories:Women's Vintage Clothing:Trousers|175796
Clothes, Shoes & Accessories:Kids' Clothes, Shoes & Accs.:Girls' Clothing (2-16 Years):Bundles|15652
Clothes, Shoes & Accessories:Fancy Dress & Period Costume:Other Fancy Dress & Period|163149
Clothes, Shoes & Accessories:Women's Shoes|3034
Clothes, Shoes & Accessories:Men's Clothing:Underwear|11507
Clothes, Shoes & Accessories:Men's Shoes|93427
Clothes, Shoes & Accessories:Fancy Dress & Period Costume:Period & Theatre Costumes:Renaissance & Shakespearean|175766
Clothes, Shoes & Accessories:Vintage Clothing & Accessories:Women's Vintage Clothing:Coats & Jackets|175783
Clothes, Shoes & Accessories:Men's Accessories:Braces|105387
Clothes, Shoes & Accessories:Men's Accessories:Umbrellas|90634
Clothes, Shoes & Accessories:Men's Clothing:Coats & Jackets|57988
Clothes, Shoes & Accessories:Fancy Dress & Period Costume:Period & Theatre Costumes:Victorian & Edwardian|125475
Clothes, Shoes & Accessories:Wedding & Formal Occasion:Bridesmaids' & Formal Dresses|175633
Clothes, Shoes & Accessories:Men's Clothing:Shorts|15689
Clothes, Shoes & Accessories:Women's Clothing:Lingerie & Nightwear:Nightwear|63855
Clothes, Shoes & Accessories:Wedding & Formal Occasion:Bridal Accessories:Tiaras & Headbands|105516
Clothes, Shoes & Accessories:Wedding & Formal Occasion:Women's Formal Hats|131476
Clothes, Shoes & Accessories:Vintage Clothing & Accessories:Women's Vintage Clothing:Jumpers & Cardigans|175786
Clothes, Shoes & Accessories:Kids' Clothes, Shoes & Accs.:Girls' Clothing (2-16 Years):Shorts|15648
Clothes, Shoes & Accessories:Women's Accessories:Belt Buckles|163573
Clothes, Shoes & Accessories:Women's Clothing:Lingerie & Nightwear:Suspender Belts|163586
Clothes, Shoes & Accessories:Women's Clothing:Hosiery & Socks:Socks|163588
Clothes, Shoes & Accessories:Kids' Clothes, Shoes & Accs.:Boys' Clothing (2-16 Years):Sportswear|51959
Clothes, Shoes & Accessories:Women's Shoes:Boots|53557
Clothes, Shoes & Accessories:Kids' Clothes, Shoes & Accs.:Girls' Clothing (2-16 Years):Uniforms|28017
Clothes, Shoes & Accessories:Wedding & Formal Occasion:Novelty|175632
Clothes, Shoes & Accessories:World & Traditional Clothing|155240
Clothes, Shoes & Accessories:Women's Clothing:Maternity:Jeans|11535
Clothes, Shoes & Accessories:Vintage Clothing & Accessories:Vintage Accessories:Bags & Cases|74962
Clothes, Shoes & Accessories:Kids' Clothes, Shoes & Accs.:Girls' Accessories:Umbrellas|122341
Clothes, Shoes & Accessories:Other Clothes|312
Clothes, Shoes & Accessories:Kids' Clothes, Shoes & Accs.:Girls' Clothing (2-16 Years):Skirts|51583
Clothes, Shoes & Accessories:Men's Accessories:Sunglasses & Eyewear|179239
Clothes, Shoes & Accessories:Wedding & Formal Occasion:Men's Formal Occasion:Accessories|148486
Clothes, Shoes & Accessories:Men's Clothing:Hoodies & Sweats|155183
Clothes, Shoes & Accessories:Men's Clothing:Formal Shirts|57991
Clothes, Shoes & Accessories:Men's Clothing:Activewear|137084
Clothes, Shoes & Accessories:Kids' Clothes, Shoes & Accs.|171146
Clothes, Shoes & Accessories:Men's Clothing:Nightwear|11510
Clothes, Shoes & Accessories:Wedding & Formal Occasion:Bridal Accessories:Gloves|98735
Clothes, Shoes & Accessories:Vintage Clothing & Accessories:Vintage Accessories:Hats, Men's|163619
Clothes, Shoes & Accessories:Wedding & Formal Occasion:Men's Formal Occasion|105508
Clothes, Shoes & Accessories:Women's Clothing:Lingerie & Nightwear:Mixed Lingerie Sets|15746
Clothes, Shoes & Accessories:Kids' Clothes, Shoes & Accs.:Girls' Clothing (2-16 Years):Hoodies|152554
Clothes, Shoes & Accessories:Vintage Clothing & Accessories:Vintage Accessories|175760
Clothes, Shoes & Accessories:Vintage Clothing & Accessories:Men's Vintage Clothing:Formal Shirts|175772
Clothes, Shoes & Accessories:Women's Accessories:Umbrellas|105569
Clothes, Shoes & Accessories:Women's Accessories:Wigs, Extensions & Supplies:Hair Extensions|175636
Clothes, Shoes & Accessories:Kids' Clothes, Shoes & Accs.:Girls' Clothing (2-16 Years):Trousers|51568
Clothes, Shoes & Accessories:Women's Accessories:Wristbands|106129
Clothes, Shoes & Accessories:Kids' Clothes, Shoes & Accs.:Girls' Clothing (2-16 Years):Sportswear|51584
Clothes, Shoes & Accessories:Vintage Clothing & Accessories:Women's Vintage Clothing:Tops & Shirts|175795
Clothes, Shoes & Accessories:Fancy Dress & Period Costume:Fancy Dress:Girls' Fancy Dress|80914
Clothes, Shoes & Accessories:Vintage Clothing & Accessories:Women's Vintage Clothing:Shorts|175790
Clothes, Shoes & Accessories:Kids' Clothes, Shoes & Accs.:Boys' Accessories:Wallets|57887
Clothes, Shoes & Accessories:Dancewear & Accessories:Women's Dancewear|150661
Clothes, Shoes & Accessories:Wedding & Formal Occasion:Bridal Shoes|105471
Clothes, Shoes & Accessories:Fancy Dress & Period Costume:Accessories:Hats & Headgear|155349
Clothes, Shoes & Accessories:Men's Shoes:Slippers|11505
Clothes, Shoes & Accessories:Women's Clothing:Hosiery & Socks:Leg Warmers|163587
Clothes, Shoes & Accessories:World & Traditional Clothing:Southwest Asia/Middle East|155253
Clothes, Shoes & Accessories:Wedding & Formal Occasion:Bridal Accessories:Slips, Petticoats & Hoops|98745
Clothes, Shoes & Accessories:Men's Clothing:Bundles|154997
Clothes, Shoes & Accessories:Men's Accessories:Ties, Bow Ties & Cravats|15662
Clothes, Shoes & Accessories:Wedding & Formal Occasion:Bridal Accessories|106127
Clothes, Shoes & Accessories:Women's Clothing:Maternity:Jumpers & Cardigans|11538
Clothes, Shoes & Accessories:World & Traditional Clothing:Africa|155241
Clothes, Shoes & Accessories:Fancy Dress & Period Costume:Accessories:Masks & Eye Masks|116724
Clothes, Shoes & Accessories:Women's Accessories:Wigs, Extensions & Supplies|175634
Clothes, Shoes & Accessories:Kids' Clothes, Shoes & Accs.:Girls' Accessories:Scarves & Shawls|57927
Clothes, Shoes & Accessories:Vintage Clothing & Accessories:Men's Vintage Shoes|163628
Clothes, Shoes & Accessories:Women's Clothing:Bundles|15788
Clothes, Shoes & Accessories:Vintage Clothing & Accessories:Women's Vintage Clothing:Other Women's Vintage Clothing|965
Clothes, Shoes & Accessories:Women's Clothing:Lingerie & Nightwear:Slips & Petticoats|11532
Clothes, Shoes & Accessories:Kids' Clothes, Shoes & Accs.:Girls' Clothing (2-16 Years)|11462
Clothes, Shoes & Accessories:World & Traditional Clothing:Other Traditional Clothing|155254
Clothes, Shoes & Accessories:Men's Accessories:Keyrings|52373
Clothes, Shoes & Accessories:Women's Accessories:Belts|3003
Clothes, Shoes & Accessories:Women's Clothing:Trousers|63863
Clothes, Shoes & Accessories:Vintage Clothing & Accessories:Women's Vintage Clothing:Swimwear|175794
Clothes, Shoes & Accessories:Fancy Dress & Period Costume:Accessories:Handhelds & Props|163148
Clothes, Shoes & Accessories:Fancy Dress & Period Costume:Accessories|155344
Clothes, Shoes & Accessories:Women's Clothing:Hosiery & Socks:Other Hosiery & Socks|11523
Clothes, Shoes & Accessories:Women's Shoes:Other Women's Shoes|63889
Clothes, Shoes & Accessories:Women's Accessories:Sunglasses & Eyewear:Replacement Lenses & Parts|179196
Clothes, Shoes & Accessories:Kids' Clothes, Shoes & Accs.:Girls' Clothing (2-16 Years):T-Shirts, Tops & Shirts|175529
Clothes, Shoes & Accessories:Vintage Clothing & Accessories:Men's Vintage Clothing:Waistcoats|175782
Clothes, Shoes & Accessories:Men's Accessories:Wallets|2996
Clothes, Shoes & Accessories:Men's Clothing:Jeans|11483
Clothes, Shoes & Accessories:Kids' Clothes, Shoes & Accs.:Girls' Clothing (2-16 Years):Socks & Tights|153797
Clothes, Shoes & Accessories:World & Traditional Clothing:Europe|163142
Clothes, Shoes & Accessories:Kids' Clothes, Shoes & Accs.:Girls' Accessories:Purses & Wallets|15629
Clothes, Shoes & Accessories:Kids' Clothes, Shoes & Accs.:Boys' Clothing (2-16 Years):Suits|99754
Clothes, Shoes & Accessories:Men's Accessories:Belt Buckles|86647
Clothes, Shoes & Accessories:Men's Clothing:Suits & Tailoring|3001
Clothes, Shoes & Accessories:Fancy Dress & Period Costume:Period & Theatre Costumes:Ancient Greek & Roman|175765
Clothes, Shoes & Accessories:Vintage Clothing & Accessories:Vintage Accessories:Sunglasses|48559
Clothes, Shoes & Accessories:Women's Clothing:Maternity:Maternity Knickers|117769
Clothes, Shoes & Accessories:Wedding & Formal Occasion:Bridal Accessories:Garters|15718
Clothes, Shoes & Accessories:Kids' Clothes, Shoes & Accs.:Boys' Clothing (2-16 Years):Nightwear|84544
Clothes, Shoes & Accessories:Women's Clothing:Maternity:Leggings|46809
Clothes, Shoes & Accessories:Vintage Clothing & Accessories:Men's Vintage Clothing:Nightwear & Robes|175775
Clothes, Shoes & Accessories:Wedding & Formal Occasion:Girls' Formal Occasion|3263
Clothes, Shoes & Accessories:Vintage Clothing & Accessories:Men's Vintage Clothing:Swimwear|175779
Clothes, Shoes & Accessories:Kids' Clothes, Shoes & Accs.:Boys' Accessories|57881
Clothes, Shoes & Accessories:Men's Accessories:Sunglasses & Eyewear:Clear Glasses|179240
Clothes, Shoes & Accessories:Men's Accessories:Accessory Sets|175627
Clothes, Shoes & Accessories:Kids' Clothes, Shoes & Accs.:Boys' Accessories:Other Boys' Accessories|3075
Clothes, Shoes & Accessories:Women's Clothing:Maternity:Nursing:Dresses|15752
Clothes, Shoes & Accessories:World & Traditional Clothing:Southeast Asia & Oceania|175800
Clothes, Shoes & Accessories:Women's Accessories:ID & Document Holders|169285
Clothes, Shoes & Accessories:Vintage Clothing & Accessories:Women's Vintage Clothing:Dresses|175784
Clothes, Shoes & Accessories:Women's Accessories:Wigs, Extensions & Supplies:Wigs|175635
Clothes, Shoes & Accessories:Women's Clothing:Maternity:Jumpsuits & Playsuits|53447
Clothes, Shoes & Accessories:Wedding & Formal Occasion:Bridal Accessories:Hair Accessories|163560
Clothes, Shoes & Accessories:Women's Accessories:Sunglasses & Eyewear:Clear Glasses|179248
Clothes, Shoes & Accessories:Women's Clothing:Other Women's Clothing|314
Clothes, Shoes & Accessories:Wedding & Formal Occasion|3259
Clothes, Shoes & Accessories:Fancy Dress & Period Costume:Accessories:Prosthetics|175647
Clothes, Shoes & Accessories:Women's Clothing:Lingerie & Nightwear:Bra Accessories & Solutions|163593
Clothes, Shoes & Accessories:Fancy Dress & Period Costume:Period & Theatre Costumes:Other Period & Theatre|163132
Clothes, Shoes & Accessories:Men's Shoes:Other Men's Shoes|63850
Clothes, Shoes & Accessories:Men's Clothing:Trousers|57989
Clothes, Shoes & Accessories:Fancy Dress & Period Costume:Period & Theatre Costumes:Contemporary|175651
Clothes, Shoes & Accessories:Women's Clothing:Maternity:Swimwear|15748
Clothes, Shoes & Accessories:Fancy Dress & Period Costume:Accessories:Other Accessories|82161
Clothes, Shoes & Accessories:Men's Accessories:Scarves|52382
Clothes, Shoes & Accessories:Vintage Clothing & Accessories:Children's Vintage Clothing|163594
Clothes, Shoes & Accessories:Women's Accessories:Sunglasses & Eyewear:Accessories|179249
Clothes, Shoes & Accessories:Women's Clothing:Maternity:Suits & Tailoring|108898
Clothes, Shoes & Accessories:Fancy Dress & Period Costume:Accessories:Boas, Scarves & Garlands|175643
Clothes, Shoes & Accessories:Women's Clothing:Hoodies & Sweats|155226
Clothes, Shoes & Accessories:Kids' Clothes, Shoes & Accs.:Girls' Clothing (2-16 Years):Jumpsuits & Playsuits|175528
Clothes, Shoes & Accessories:Vintage Clothing & Accessories:Men's Vintage Clothing:Jeans|175773
Clothes, Shoes & Accessories:Fancy Dress & Period Costume:Accessories:Fans & Parasols|175645
Clothes, Shoes & Accessories:Women's Clothing:Waistcoats|15775
Clothes, Shoes & Accessories:Men's Clothing:T-Shirts|15687
Clothes, Shoes & Accessories:Women's Clothing:Lingerie & Nightwear|11514
Clothes, Shoes & Accessories:Kids' Clothes, Shoes & Accs.:Girls' Clothing (2-16 Years):Jeans|77411
Clothes, Shoes & Accessories:Kids' Clothes, Shoes & Accs.:Girls' Clothing (2-16 Years):Leggings|152719
Clothes, Shoes & Accessories:Men's Clothing:Socks|11511
Clothes, Shoes & Accessories:Fancy Dress & Period Costume:Fancy Dress:Bundles|175649
Clothes, Shoes & Accessories:Kids' Clothes, Shoes & Accs.:Girls' Clothing (2-16 Years):Outfits & Sets|156801
